<?xml version="1.0" encoding="UTF-8"?>
<beans xmlns="http://www.springframework.org/schema/beans"
	xmlns:xsi="http://www.w3.org/2001/XMLSchema-instance"
	xmlns:mybatis-spring="http://mybatis.org/schema/mybatis-spring"
	xsi:schemaLocation="http://mybatis.org/schema/mybatis-spring http://mybatis.org/schema/mybatis-spring-1.2.xsd
		http://www.springframework.org/schema/beans https://www.springframework.org/schema/beans/spring-beans.xsd">
	
	<!-- HikariConfig hikariConfig = new HikariConfig(); -->
	
	<!-- jdbc연결 설정 -->
	<bean id="hikariConfig" class="com.zaxxer.hikari.HikariConfig">
		<property name="driverClassName"
	 		value="oracle.jdbc.driver.OracleDriver"/>
		<property name="jdbcUrl"
			value="jdbc:oracle:thin:@localhost:1521:xe"/>
		<property name="username" value="test2"/>
		<property name="password" value="1234"/>		 
	</bean>
	
	<!-- jdbc연결 설정 정보를 이용해서 커넥션 풀 생성 -->	
	<bean id="dataSource" class="com.zaxxer.hikari.HikariDataSource" destroy-method="close">
		<constructor-arg ref="hikariConfig"/>
	</bean>	
	
	<bean id="sqlSeesionFactory" class="org.mybatis.spring.SqlSessionFactoryBean">
		<property name="dataSource" ref="dataSource"/>
	</bean>
	
	
	<mybatis-spring:scan base-package="kr.com.ezen.mapper"/>
	
</beans>
